{"i":10,"f":99.9,"b":true,"s":"Json Test string","iArray":[1,3,5,7,9,12,33,55,8,99],"iList":[0,2,4,6,8],"fDictionary":{"Pie":3.14159274,"Epsilon":1.401298E-45,"sqrt(2)":1.41421354}}